# `MySQL`编码和数据类型

## 一、字符集

1.字符集的作用：

      -  保存数据的时候需要使⽤字符集
      -   数据传输的时候也需要使⽤字符集
   -  在存续的时候使⽤字符集
            -  在`MySQL`的服务器上, 在数据库中, 在表的使⽤上, 在字段的设置上
            -  在服务器安装的时候, 可以指定默认的字符集

2.常见字符集

+ **`ASCII`:**  基于罗⻢字⺟表的⼀套字符集, 它采⽤1个字节的低7位表示字符, ⾼位始终为0。

 - - **`LATIN1:`** 相对于ASCII字符集做了扩展, 仍然使⽤⼀个字节表示字符, 但启⽤了⾼位, 扩展了字
   符集的表示范围。
	- **`GB2312`:** 简体中⽂字符, ⼀个汉字最多占⽤2个字节
	- **`GBk:`** 只是所有的中⽂字符, ⼀个汉字最多占⽤2个字节
	- **`UTF8:`** 国际通⽤编码, ⼀个汉字最多占⽤3个字节
	- **`UTF8MB4:`** 国际通⽤编码, 在`utf8`的基础上加强了对新⽂字识别, ⼀个汉字最多占⽤4个字节

```
/* gbk字符集最⼤字符串⻓度: 65535/2 -1 */

create table test(
 text varchar(32766)
) charset=gbk;

/* utf8字符集最⼤字符串⻓度: 65535/3 -1 */

create table test1(
 text varchar(21844)
) charset=utf8;

/* utf8mb4字符集最⼤字符串⻓度: 65535/4 -1 */

create table test4(
 text varchar(16382)
) charset=utf8mb4;
```

3.查看当前`mysql`系统支持的字符集

```
mysql> show variables like 'character_%';
/* 输出:
+--------------------------+------------+
| Variable_name | Value |
+--------------------------+------------+
| character_set_client | utf8mb4 | 客户端来源数据使⽤的字符集
| character_set_connection | utf8mb4 | 连接层字符集
| character_set_database | utf8mb4 | 当前选中的数据库的默认字符集
| character_set_filesystem | binary | ⽂件系统字符集
| character_set_results | utf8mb4 | 查询结果使⽤的字符集
| character_set_server | utf8mb4 | 默认的内部操作字符集
| character_set_system | utf8 | 系统元数据(字段名、表名等)的字符集
| character_sets_dir | /usr/lo... |
+--------------------------+------------+
*/
```

4.修改当前的`mysql`系统的字符集编码

- 全部修改

  ```
  set names gbk;
  ```

- 指定修改

  ```
  set character_set_client = gbk;
  set character_set_results = gbk;
  ```

- 它是临时性命令，`mysql`断开后，再次连接会恢复原状。

## 二、校对集

在某⼀种字符集下, 为了使字符之间可以互相⽐较, 让字符和字符形成⼀种关系的集合, 称之为校对集。
⽐如说 ASCII 中的 a 和 B, 如果区分⼤⼩写 a > B, 如果不区分 a < B;
不同字符集有不同的校对规则, 命名约定：以其相关的字符集名开始, 通常包括⼀个语⾔名, 并且以
`_ci `、` _cs `或` _bin` 结束。

+ `_ci`:大小写不敏感
+ `_cs`:大小写敏感
+ `_bin`：: binary collation ⼆元法, 直接⽐较字符的编码, 可以认为是区分⼤⼩写的, 因为字符集中'A'和'a'的编码显然不同。

​	

```
/* 数据库默认的排序⽅式,是升序 */
create table t1(
 str char(1)
) charset=utf8mb4 collate=utf8mb4_general_ci; -- _general_ci 后缀的都是不区分⼤⼩
写的
create table t2(
 str char(1)
) charset=utf8mb4 collate=utf8mb4_bin; -- 看到后缀边是_bin的都是区分⼤⼩的
/*
Linux中Mysql是区分⼤⼩的
需要⾃⼰去配置
vim /etc/my.cnf
找到[mysqld]
1是不区分⼤⼩写,0是区分⼤⼩写
*/
lower_case_table_names=1
```

```
show character set; -- 查看字符集 和 校对集
show collation; -- 显示所有的校对集
```

> COLLATE是什么：
>
> COLLATE通常是和数据编码（`CHARSET`）相关的，一般来说每种`CHARSET`都有多种它所支持的COLLATE，并且每种`CHARSET`都指定一种COLLATE为默认值。例如`Latin1`编码的默认COLLATE为`latin1_swedish_ci`，`GBK`编码的默认COLLATE为`gbk_chinese_ci，utf8mb4`编码的默认值为`utf8mb4_general_ci`。



## `MySQL`的数据类型

### 1.整形

![1567515646001](C:\Users\Administrator\AppData\Roaming\Typora\typora-user-images\1567515646001.png)

- 一个无符号数一定是非负数

  ```
  create table t3(
  	age tinyint unsigned
  );
  ```

+ 显示宽度（`zerofill`）（现在`mycli`不适用）

  整形显示宽度，位数不足时用0填充(存储的内容不变，只是显示的变了)

  ```
  create table t4(
   id int(10) zerofill primary key auto_increment,
   name char(32)
  );
  insert into t4 values(12345, '5个');
  insert into t4 values(1234567890, '10个');
  insert into t4 values(123456789012, '12个');
  select * from t4;
  ```

### 2.浮点型

![1567516502339](C:\Users\Administrator\AppData\Roaming\Typora\typora-user-images\1567516502339.png)

定点数的位数更加长

使用方式：

+ float(M,D)

+ double(M,D)

+ decimal(M,D)

+ M是总共支持多少个长度，D是小数点后面的位数。

+ 当默认长度不够用时，可以用（M，D）加长

  ```
  create table t5(
  	a float(10,2),
  	b double(10,2),
  	c decimal(10,2)
  );
  ```

### 3.字符串类型

![1567517746064](C:\Users\Administrator\AppData\Roaming\Typora\typora-user-images\1567517746064.png)

`CHAR`与`VARCHAR`类型的区别

![1567517854965](C:\Users\Administrator\AppData\Roaming\Typora\typora-user-images\1567517854965.png)

> 思考：
> 字符串、浮点型等都可以随意指定⼤⼩, 那么是不是平时操作的时候随意指定⼀个就可以呢？
> 答：不是, 数据类型并不是越⼤越好, 越⼤的类型会造成数据臃肿, 存储空间占⽤过⼤, 数据检索也会变慢

### 4.枚举

多选一的时候使用的一种数据类型

在前端使用单选框的时候，枚举类型发挥作用

优点：

1.限制了可选值

2.节省空间

3.运行效率高

```
create table t6(
	name varchar(32),
	sex enum ('男','女'，'保密') default '保密'
);
-- 枚举类型的技术默认从1开始
insert into t6 set name='网二',sex=1;
```

### 5.集合(set)

SET最多可以有64个不同的成员。类似于复选框，有多少可以选多少。

```
create table t7(
	name varchar(32),
	hobby set('吃','睡','玩','喝','抽')
);
insert into t7 values('张三','睡,抽,玩,吃,喝');
insert into t7 values('李四','睡,抽');
```

+ 为什么开发中不常⽤ set 类型?
  在现代⽹站开发中, 多选框的值有上千个, 值存储的空没有索引⽤的多

+ 那复选框的问题怎么解决?
  将复选框的值单独设计成⼀张表

### 6.时间类型

![1567518755217](C:\Users\Administrator\AppData\Roaming\Typora\typora-user-images\1567518755217.png)

#### 1.`datetime`

```
create table datetime_test (
	create_at datetime
);
-- 日期当中的连接符可以自定义
insert into datetime_test values('2019-4-2 16:54:00');
insert into datetime_test values('2019/4/2 16:54:00');
insert into datetime_test values(now());
-- 年份最⼤⽀持4个⻓度
insert into datetime_test values('10000/4/2 16:54:00'); -- 错误
insert into datetime_test values('9999/4/2 16:54:00');
```

#### 2.`time`

```
create table time_test (
 create_at time
);
insert into time_test values('12:12:12');
insert into time_test values('100:12:12');
insert into time_test values('-100:12:12');
insert into time_test values('10 10:12:12');
-- 时间的范围是: [-838:59:59 - 838:59:59]
insert into time_test values('839:12:12'); -- 错误的
```

#### 3.`timestamp `时间戳类型

+ 时间戳类型在显示⽅⾯和`datetime`是⼀样的, 在存储上不⼀样
+ 范围从 `1970-1-1 0:0:0` 到 `2038-1-19 11:14:07`
+ 时间戳使⽤ 4 个字节表示
+ 该值⼤⼩与存储的位⻓有关: 2 ** (4 * 8 - 1)

```
create table timestamp_test (
 create_time timestamp
);
insert into timestamp_test values(now());
insert into timestamp_test values('2038-1-19 11:14:07'); -- 时间戳最⼤值
insert into timestamp_test values('2038-1-19 11:14:08'); -- 错误
```

#### 4.`year`

```
create table `year`(
 create_at year
);
-- 从1900年开始 - 1900+255
insert into `year` values(now());
insert into `year` values('2155'); -- 年份最⼤值
insert into `year` values('2156'); -- 错误
```

### 7.布尔型

`mysql`中的`bool`类型也是1和0

```
create table `bool`(
 cond boolean
);
insert into `bool` set cond=True; -- 成功
insert into `bool` set cond=False; -- 成功
insert into `bool` set cond=1; -- 成功
insert into `bool` set cond=10; -- 成功
insert into `bool` set cond=-1; -- 成功
insert into `bool` set cond=0; -- 成功
insert into `bool` set cond=0.1; -- 成功
insert into `bool` set cond='True'; -- 失败
```

> 1. `mysql`中是没有boolean类型的，在设计表中，与其对应的类型为`tinyint`类型
> 2. 存储是若为true存储在数据库中为1，若为false存储在数据库中为0
> 3. 遵循四舍五入0-0.5（不包含5）是0 

### 8.列的属性

+ 插⼊的值是否可以为空

  + null : 是可以为空,默认不写
  + not null : 不可以为空,如果插⼊的时候,某个字段的值为空,则报错

  ```
  create table null_test (
   id int primary key auto_increment,
   username varchar(32) not null,
   pwd varchar(16) null
  );
  insert into null_test values(null,null,null);
  ```

  + default
  + 默认值⼀般是和null做搭配的

```
create table default_test (
 id int primary key auto_increment,
 username varchar(32) default 'admin' not null,
 pwd varchar(16) default 123456
);
insert into default_test (username) values ('admin');
```

+ auto_increment

  + ⾃动增⻓的列
  + 默认从 1 开始
  + 常配合主键使⽤的

  ```
  create table auto_inc (
   id int primary key auto_increment,
   name varchar(32)
   );
  insert into auto_inc (name) values ('aaa'), ('bbb'), ('ccc');
  select * from auto_inc;
  /* 输出：
  +----+------+
  | id | name |
  +----+------+
  | 1 | aaa |
  | 2 | bbb |
  | 3 | ccc |
  +----+------+
  */
  ```

+ primary key
  + 主键⼀般是唯⼀的标识
  + 特性:不能为空,也不能重复,⼀张表当中只可以拥有⼀个主键

```
-- 这⾥只有⼀个主键,这种主键叫做联合主键, 在项⽬中使⽤较少
create table double_pri_test (
 id int,
 sid int,
 primary key(id,sid)
);
insert into double_pri_test values (1, 1);
insert into double_pri_test values (1, 2); -- 成功
insert into double_pri_test values (2, 1); -- 成功
insert into double_pri_test values (1, 1); -- 失败
```

+ unique
  + 唯⼀键,保证列当中的每⼀个数据都不重复
  + 邮箱不可以重复,⼿机号不可以重复

```
create table test_uniq (
 id int auto_increment primary key,
 mobile char(11) unique
);
insert into test_uniq set mobile=13999999999;
```

+ comment
  + 字段说明: 给开发者看的, ⼀般⽤来对相应字段进⾏说明

```
create table test_cmt (
 ctime datetime comment '这个字段代表创建⽇期'
);

```

### 9.`SQL`注释sel

+ 单⾏注释: -- 你好
+ 多⾏注释: /* 巴拉巴拉 */
+ `MySQL` 独有的单⾏注释: # 哈哈哈哈

# 算术运算

```
select 123 + 543, 321 * 5, -456 / 2, 10 % 3, 2 / 0, 3 % 0;
/* 输出:
+-----------+---------+-----------+--------+-------+-------+
| 123 + 543 | 321 * 5 | -456 / 2 | 10 % 3 | 2 / 0 | 3 % 0 |
+-----------+---------+-----------+--------+-------+-------+
| 666 | 1605 | -228.0000 | 1 | NULL | NULL |
+-----------+---------+-----------+--------+-------+-------+
1 row in set, 2 warnings (0.00 sec)
*/
```

###  比较运算符

![1567520817808](C:\Users\Administrator\AppData\Roaming\Typora\typora-user-images\1567520817808.png)

+ 常规比较

```
select 1=2, 2<3, 3<=4, 4>5, 5>=3, 8!=9, 8<>9, 'abc' = 'Abc', 'z' > 'a';
/* 输出:
+-----+-----+------+-----+------+------+------+---------------+-----------
+
| 1=2 | 2<3 | 3<=4 | 4>5 | 5>=3 | 8!=9 | 8<>9 | 'abc' = 'Abc' | 'z' > 'a'
|
+-----+-----+------+-----+------+------+------+---------------+-----------
+
| 0 | 1 | 1 | 0 | 1 | 1 | 1 | 1 | 1
|
+-----+-----+------+-----+------+------+------+---------------+-----------
+
1 row in set (0.00 sec)
*/
```

+ 范围⽐较

```
select 123 between 100 and 200, 'b' in ('a', 'b', 'c');
/* 输出
+-------------------------+------------------------+
| 123 between 100 and 200 | 'b' in ('a', 'b', 'c') |
+-------------------------+------------------------+
| 1 | 1 |
+-------------------------+------------------------+
1 row in set (0.04 sec)
*/
```

+ Null比较

```
select 12 is null, 23 = null, null = null, null <=> null, null is null, 32
is not null;
/* 输出
+------------+-----------+-------------+---------------+--------------+---
-------------+
| 12 is null | 23 = null | null = null | null <=> null | null is null | 32
is not null |
+------------+-----------+-------------+---------------+--------------+---
-------------+
| 0 | NULL | NULL | 1 | 1 |
 1 |
+------------+-----------+-------------+---------------+--------------+---
-------------+
1 row in set (0.00 sec)
*/
```

+ 模糊比较

```
select 'HelloWorld' like 'hello%';
/* 输出
+----------------------------+
| 'HelloWorld' like 'hello%' |
+----------------------------+
| 1 |
+----------------------------+
1 row in set (0.00 sec)
*/

select 'HelloWorld' like 'hello';

/*输出
+---------------------------+
| 'HelloWorld' like 'hello' |
+---------------------------+
| 0                         |
+---------------------------+

*/

 select 'HelloWorld' like 'hello%';
 /*输出
 +-------------------------+
| 'HelloWorld' like 'he%' |
+-------------------------+
| 1                       |
+-------------------------+

 */
 select 'HelloWorld' like 'o%';
  /*输出
 +-------------------------+
| 'HelloWorld' like 'o%' |
+-------------------------+
| 0                      |
+-------------------------+

 */
```

### 逻辑运算符

![1567521712353](C:\Users\Administrator\AppData\Roaming\Typora\typora-user-images\1567521712353.png)

